[
    {
      "id": "6579",
      "question": "在下图所示的交通事故中，有关事故责任认定，正确的说法是什么？",
      "answer": "3",
      "item1": "右侧方向的车辆具有优先通行权，故B车负全责",
      "item2": "直行车辆不得妨碍左转车辆，所以A车负全责",
      "item3": "B车不得妨碍被放行的直行车辆，所以B车负全责",
      "item4": "B车违反交通信号，所以B负全责",
      "explains": "根据路口信号灯，虽然B车可以左转，但应该避让可以直行的A车",
      "url": "http://api.avatardata.cn/Jztk/Img?file=6152638d276545eab1206d0596292caa.jpg"
    },
    {
      "id": "6690",
      "question": "车辆因故障必须在高速公路停车时，应在车后方多少米以外设置故障警告标志？",
      "answer": "3",
      "item1": "200",
      "item2": "100",
      "item3": "150",
      "item4": "50",
      "explains": "普通道路50—100米，高速公路150米。",
      "url": ""
    },
    {
      "id": "6772",
      "question": "变更车道时只需开启转向灯，并迅速转向驶入相应的车道，以不妨碍同道机动车正常行驶。",
      "answer": "2",
      "item1": "正确",
      "item2": "错误",
      "item3": "",
      "item4": "",
      "explains": "变更车道需提前开启转向灯，观察周围环境确认安全后再驶入相应的车道，不得妨碍其他车辆正常行驶。",
      "url": ""
    },
    {
      "id": "6775",
      "question": "人行横道上禁止掉头的原因是什么？",
      "answer": "4",
      "item1": "人行横道禁止停车",
      "item2": "人行横道禁止车辆通行",
      "item3": "路段有监控设备",
      "item4": "避免妨碍行人正常通行",
      "explains": "在人行横道上掉头，很有可能撞到行人，不安全。",
      "url": ""
    },
    {
      "id": "6777",
      "question": "如图所示，在超车过程中，遇对向有车来时要放弃超车的原因是什么？",
      "answer": "4",
      "item1": "前车车速太快",
      "item2": "我方车辆提速太慢",
      "item3": "对向来车车速太快",
      "item4": "如继续超车，易与对面机动车发生刮擦、相撞",
      "explains": "如图所示，对向车道有来车，前方车辆左侧没有足够的安全距离，应放弃超车，避免与对面车辆发生刮擦、相撞。",
      "url": "http://api.avatardata.cn/Jztk/Img?file=613f6e741de245e4bd5cc9fc464073bb.jpg"
    },
    {
      "id": "6778",
      "question": "如图所示，B车具有优先通过权。",
      "answer": "2",
      "item1": "正确",
      "item2": "错误",
      "item3": "",
      "item4": "",
      "explains": "右转让左转，转弯让直行。如图所示，A车直行而B车右转，明显是A车先行，B车避让。",
      "url": "http://api.avatardata.cn/Jztk/Img?file=14e3358306684fcab30a5efd58fd1074.jpg"
    },
    {
      "id": "6780",
      "question": "如图所示，当越过停在人行横道前的A车时，B车应当减速，准备停车让行。",
      "answer": "1",
      "item1": "正确",
      "item2": "错误",
      "item3": "",
      "item4": "",
      "explains": "人行横道前要减速，遇行人通行要停车避让。",
      "url": "http://api.avatardata.cn/Jztk/Img?file=2e87afed529c4cba831754927b12562b.jpg"
    },
    {
      "id": "6781",
      "question": "如图所示，这种情况下只要后方、对向无来车，可以掉头。",
      "answer": "2",
      "item1": "正确",
      "item2": "错误",
      "item3": "",
      "item4": "",
      "explains": "如图所示，地面是实线，不允许跨越压线行驶，当然不允许掉头。此题答案以驾考宝典官方标准答案为主，其他书籍可能存在印刷错误，请各位车友注意甄别！",
      "url": "http://api.avatardata.cn/Jztk/Img?file=9099bb28d4b948f581f0f42e299b8cb4.jpg"
    },
    {
      "id": "6783",
      "question": "如图所示，A车具有优先通过权。",
      "answer": "2",
      "item1": "正确",
      "item2": "错误",
      "item3": "",
      "item4": "",
      "explains": "三个先行原则：转弯的机动车让直行的车辆先行；右方道路来车先行；右转弯车让左转弯车先行。如图所示，B车是左转弯，A车是右转弯，B车先行。",
      "url": "http://api.avatardata.cn/Jztk/Img?file=41abb5e3494746a8b885257d33ffc4ae.jpg"
    },
    {
      "id": "6786",
      "question": "遇到前方车辆停车排队或者缓慢行驶时，强行穿插，以下说法正确的是什么？",
      "answer": "4",
      "item1": "允许，因为可以省油",
      "item2": "允许，因为可以快速地通过拥堵区",
      "item3": "禁止，因为这样不利于省油",
      "item4": "禁止，因为这样扰乱车流，加重拥堵",
      "explains": "强行穿插，会扰乱车流，加重拥堵，是不文明的表现，应该禁止。",
      "url": ""
    },
    {
      "id": "6789",
      "question": "如图所示，在这种情况下不能够超车的原因是什么？",
      "answer": "4",
      "item1": "我方车速不足以超越前车",
      "item2": "路中心线为黄线",
      "item3": "前车速度过快",
      "item4": "前车正在超车",
      "explains": "如图所示，前面蓝色的车正在超车，这个时候不能超车。此题答案以驾考宝典官方标准答案为主，其他书籍可能存在印刷错误，请各位车友注意甄别！",
      "url": "http://api.avatardata.cn/Jztk/Img?file=daa5c501249d47c19580f96c8d925bf3.jpg"
    },
    {
      "id": "6792",
      "question": "如图所示，直行车辆遇到前方路口堵塞，以下说法正确的是什么？",
      "answer": "2",
      "item1": "只有信号灯为绿灯，就可以通行",
      "item2": "等前方道路疏通后，且信号灯为绿灯时方可继续行驶",
      "item3": "等其他机动车进入路口时跟随行驶",
      "item4": "可以直接驶入路口内等候通行",
      "explains": "《实施条例》第五十三条：<br>机动车遇有前方交叉路口交通阻塞时，应当依次停在路口以外等候，不得进入路口。",
      "url": "http://api.avatardata.cn/Jztk/Img?file=6996492971ee45169043e6d685aeb61d.jpg"
    },
    {
      "id": "6795",
      "question": "如图所示，A车具有优先通过权。",
      "answer": "1",
      "item1": "正确",
      "item2": "错误",
      "item3": "",
      "item4": "",
      "explains": "如图所示，A车是直行，B车是左转。转弯让直行，A车享有优先通过权。",
      "url": "http://api.avatardata.cn/Jztk/Img?file=0f9bc036cd0f40218ad03bd79e30afb8.jpg"
    },
    {
      "id": "6796",
      "question": "如图所示，在这种情况下通过路口，应该怎么行驶？",
      "answer": "3",
      "item1": "加速通过",
      "item2": "靠左侧行驶",
      "item3": "减速或停车避让行人",
      "item4": "赶在行人前通过",
      "explains": "如图所示，蓝色汽车旁边正有个人准备过马路，此时应减速或停车避让行人。",
      "url": "http://api.avatardata.cn/Jztk/Img?file=e63d1bc435a741538e6951b087322464.jpg"
    },
    {
      "id": "6799",
      "question": "机动车驶进急弯、坡道顶端等影响安全视距的路段时，减速慢行并鸣喇叭示意是为了什么？",
      "answer": "1",
      "item1": "提示对向交通参与者我方有来车",
      "item2": "避免行至坡道顶端车辆动力不足",
      "item3": "测试喇叭是否能正常使用",
      "item4": "提示前车后方车辆准备超车",
      "explains": "急弯、坡道环境复杂，视距短，无法很好地观察对向交通情况，这时需鸣喇叭提示对向交通参与者我方有来车。",
      "url": ""
    },
    {
      "id": "6801",
      "question": "如图所示，在这种情况下遇右侧车辆变更车道，应减速保持安全间距，注意避让。",
      "answer": "1",
      "item1": "正确",
      "item2": "错误",
      "item3": "",
      "item4": "",
      "explains": "安全行车，礼貌让行。",
      "url": "http://api.avatardata.cn/Jztk/Img?file=a983199a292c4b68bb0285bccb3ddaa1.jpg"
    },
    {
      "id": "6803",
      "question": "遇前方路段车道减少，车辆行驶缓慢，为了保证安全有序应该怎么做？",
      "answer": "2",
      "item1": "借对向车道迅速通过",
      "item2": "依次交替通行",
      "item3": "穿插到前方排队车辆中通过",
      "item4": "加速从前车左右超越",
      "explains": "《实施条例》第五十三条：机动车在车道减少的路口、路段，遇有前方机动车停车排队等候或者缓慢行驶的，应当每车道一辆依次交替驶入车道减少后的路口、路段。",
      "url": ""
    },
    {
      "id": "6806",
      "question": "如图所示，车辆在拥挤路段排队行驶时，遇到其他车辆强行穿插行驶，以下说法正确的是什么？",
      "answer": "1",
      "item1": "减速或停车让行",
      "item2": "持续鸣喇叭警告",
      "item3": "迅速左转躲避",
      "item4": "迅速提高车速不让其穿插",
      "explains": "安全行车，礼貌让行。",
      "url": "http://api.avatardata.cn/Jztk/Img?file=6e65b49383934faca1b3f078ed918cf2.jpg"
    },
    {
      "id": "6808",
      "question": "路口转弯过程中，持续开启转向灯，主要原因是因为什么？",
      "answer": "2",
      "item1": "完成转弯动作前，关闭转向灯会对车辆造成损害",
      "item2": "让其他驾驶人知道您正在转弯",
      "item3": "让其他驾驶人知道您在超车",
      "item4": "完成转弯动作前，关闭转向灯是习惯动作",
      "explains": "转向灯一般就是起提示其他车辆的作用。",
      "url": ""
    },
    {
      "id": "6809",
      "question": "驾驶机动车正在被其他车辆超车时，被超车辆减速靠右侧行驶的目的是什么？",
      "answer": "3",
      "item1": "以便随时停车",
      "item2": "以上选项都不正确",
      "item3": "给该车让出足够的超车空间",
      "item4": "避让行人与非机动车",
      "explains": "安全驾驶，文明礼让。",
      "url": ""
    },
    {
      "id": "6849",
      "question": "驾驶机动车在高速公路上行驶，能见度小于200米时，与同车道前车应保持100米以上的距离。",
      "answer": "1",
      "item1": "正确",
      "item2": "错误",
      "item3": "",
      "item4": "",
      "explains": "能见度小于200米时，开启雾灯、近光灯、示廓灯和前后位灯，车速不得超过每小时60公里，与同车道前车保持100米以上的距离；能见度小于100米时，开启雾灯、近光灯、示廓灯、前后位灯和危险报警闪光灯，车速不得超过每小时40公里，与同车道前车保持50米以上的距离；能见度小于50米时，开启雾灯、近光灯、示廓灯、前后位灯和危险报警闪光灯，车速不得超过每小时20公里，并从最近的出口尽快驶离高速公路。",
      "url": ""
    },
    {
      "id": "6975",
      "question": "湿滑路面制动过程中，发现车辆偏离方向，以下做法正确的是？",
      "answer": "4",
      "item1": "任意踩制动踏板",
      "item2": "连续轻踩轻放制动踏板",
      "item3": "用力踩制动踏板",
      "item4": "不要踩制动踏板",
      "explains": "这个情况下，立即踏制动踏板容易引起侧翻。如后轮一直被刹住的情况下，不松开踏板，汽车会出现甩尾现象;如前轮一直被刹住的情况下不松开踏板，汽车会出现方向失去控制。正确的做法是先握紧方向盘，不要紧急踩刹车。",
      "url": ""
    },
    {
      "id": "6977",
      "question": "行驶至这种上坡路段时，以下做法正确的是什么？",
      "answer": "2",
      "item1": "换低挡位，松开加速踏板",
      "item2": "换低挡位，踏加速踏板",
      "item3": "换高档位，松开加速踏板",
      "item4": "换高挡位，踏加速踏板",
      "explains": "过图片中这样的陡坡，挂低挡是为了获得更多的发动机牵引力，如果松开加速踏板，会导致发动机失去动力造成车辆溜坡。",
      "url": "http://api.avatardata.cn/Jztk/Img?file=db36136d2aad4d30b17d619dba313772.jpg"
    },
    {
      "id": "6978",
      "question": "长下坡禁止挂空挡，下列原因错误的是？",
      "answer": "4",
      "item1": "长下坡空挡滑行导致车速过高时，难以抢挂低速档控制车速",
      "item2": "长下坡挂低速挡可以借助发动机控制车速",
      "item3": "避免因刹车失灵发生危险",
      "item4": "下坡挂空挡，油耗容易增多",
      "explains": "电喷车是指装备电子控制燃油喷射系统的车辆。对于电喷车，下坡挂空挡并不能使油耗下降，反而会失去发动机制动能力。",
      "url": ""
    },
    {
      "id": "6979",
      "question": "驾驶机动车下陡坡时，以下说法正确的是？",
      "answer": "1",
      "item1": "不准空挡或熄火",
      "item2": "可以空挡但不准熄火",
      "item3": "可以熄火",
      "item4": "可以空挡",
      "explains": "空挡会让车失去发动机制动能力，熄火会让刹车和转向失灵。",
      "url": ""
    },
    {
      "id": "6980",
      "question": "下面哪种做法能帮助您避免被其他车辆从后方追撞？",
      "answer": "3",
      "item1": "在任何时候都打开转向灯",
      "item2": "一直打开双闪",
      "item3": "在转弯前提前打开相应的转向灯",
      "item4": "转弯前鸣笛示意",
      "explains": "其它三个选项，都不能给其它车辆明确的信号提示。",
      "url": ""
    },
    {
      "id": "6981",
      "question": "夜间行驶，与对向车道车辆交会时，以下做法正确的是？",
      "answer": "2",
      "item1": "保持·使用远光灯",
      "item2": "切换为近光灯",
      "item3": "远光灯与近光灯之间不断来回切换",
      "item4": "关闭灯光",
      "explains": "打开远光灯或者近光灯不断来回切换，容易影响对面司机的视线。关闭灯光，对面的司机就看不到你了。",
      "url": "http://api.avatardata.cn/Jztk/Img?file=6a478e8013ad42178a33868e29f3077d.jpg"
    },
    {
      "id": "6982",
      "question": "以下安全带系法正确的是？",
      "answer": "2",
      "item1": "图4",
      "item2": "图1",
      "item3": "图2",
      "item4": "图3",
      "explains": "容易选错的是D选项，如果安全带位置过低，低于肩部，就起不到最基本安全保障作用。而滑落至肩膀，还可能会限制住身体，影响方向盘的操作。",
      "url": "http://api.avatardata.cn/Jztk/Img?file=29f98599e9f746f9a1e35467111c0d40.jpg"
    },
    {
      "id": "6983",
      "question": "以下哪个仪表表示发动机转速表？",
      "answer": "4",
      "item1": "图2",
      "item2": "图3",
      "item3": "图4",
      "item4": "图1",
      "explains": "转速表刻度不会超过两位数",
      "url": "http://api.avatardata.cn/Jztk/Img?file=789680f5185f458aa281a06842d61179.jpg"
    },
    {
      "id": "6984",
      "question": "以下哪个仪表表示速度和里程表？",
      "answer": "3",
      "item1": "图4",
      "item2": "图1",
      "item3": "图2",
      "item4": "图3",
      "explains": "速度和里程表的刻度标记一般超过两位数",
      "url": "http://api.avatardata.cn/Jztk/Img?file=ca3caea1c57545ca8320ac32e62180a9.jpg"
    },
    {
      "id": "6985",
      "question": "以下哪个仪表表示水温表？",
      "answer": "2",
      "item1": "图1",
      "item2": "图3",
      "item3": "图2",
      "item4": "图4",
      "explains": "水温表上有个温度标志",
      "url": "http://api.avatardata.cn/Jztk/Img?file=9ab58791ca5a48e086c8e20b96ef2b5c.jpg"
    },
    {
      "id": "6986",
      "question": "以下哪个仪表表示燃油表？",
      "answer": "4",
      "item1": "图2",
      "item2": "图3",
      "item3": "图1",
      "item4": "图4",
      "explains": "燃油表上有个加油站里的加油机的标志",
      "url": "http://api.avatardata.cn/Jztk/Img?file=925837b4bfb54be68695dfeb1cb6e102.jpg"
    },
    {
      "id": "6987",
      "question": "图中哪个报警灯亮，提示充电电路异常或故障？",
      "answer": "1",
      "item1": "图4",
      "item2": "图2",
      "item3": "图3",
      "item4": "图1",
      "explains": "图1为燃油指示灯；图2为手刹指示灯；图3为ABS指示灯；图4为电瓶指示灯。有正负极＋－标志的，就表示有电嘛。",
      "url": "http://api.avatardata.cn/Jztk/Img?file=54cf1a7495bc4215ac327603470fbcec.jpg"
    },
    {
      "id": "6988",
      "question": "哪个报警灯亮，提示发动机控制系统异常或故障？",
      "answer": "1",
      "item1": "图3",
      "item2": "图1",
      "item3": "图4",
      "item4": "图2",
      "explains": "图1为燃油指示灯；图2为气囊指示灯；图3为发动机自检灯；图4为水温指示灯。",
      "url": "http://api.avatardata.cn/Jztk/Img?file=a574cffe17504565a72f9e14b26fda53.jpg"
    },
    {
      "id": "6989",
      "question": "为提示车辆和行人注意，雾天必须开启哪个灯？",
      "answer": "1",
      "item1": "图4",
      "item2": "图2",
      "item3": "图1",
      "item4": "图3",
      "explains": "图1为清洗液指示灯；图2为远光指示灯；图3为转向指示灯；图4为雾灯指示灯。雾天当然要开雾灯啦。",
      "url": "http://api.avatardata.cn/Jztk/Img?file=4dc1fae4bec14a2992533da2d7fe5727.jpg"
    },
    {
      "id": "6990",
      "question": "图中左侧白色轿车，在这种情况下为了保证安全，应适当降低车速。",
      "answer": "1",
      "item1": "正确",
      "item2": "错误",
      "item3": "",
      "item4": "",
      "explains": "限速标志指示该路段限速60公里/小时，而速度仪表显示当前时速高于60，所以应该适当减速。",
      "url": "http://api.avatardata.cn/Jztk/Img?file=c5dde292d26d418a96f56c3770e162ff.jpg"
    },
    {
      "id": "6991",
      "question": "以下哪个指示灯亮时，表示发动机机油压力过低？",
      "answer": "1",
      "item1": "图1",
      "item2": "图3",
      "item3": "图4",
      "item4": "图2",
      "explains": "图1是机油指示灯，表示发动机机油压力过低；图2表示前雾灯显示；图3是ABS指示灯；图4表示水温指示灯。",
      "url": "http://api.avatardata.cn/Jztk/Img?file=f6791c6cdc724dea8f424137c040101a.jpg"
    },
    {
      "id": "6992",
      "question": "机油压力报警灯持续亮，可边行驶，边观察，等待报警灯自行熄灭。",
      "answer": "2",
      "item1": "正确",
      "item2": "错误",
      "item3": "",
      "item4": "",
      "explains": "机油报警灯亮起，如果继续行驶，容易造成发动机损坏，影响行车安全",
      "url": ""
    },
    {
      "id": "6993",
      "question": "以下哪个指示灯亮时，表示防抱死制动系统出现故障？",
      "answer": "4",
      "item1": "图4",
      "item2": "图1",
      "item3": "图2",
      "item4": "图3",
      "explains": "图1表示机油指示灯；图2表示前雾灯显示；图3是ABS指示灯，ABS就是防抱死系统的简称；图4是水温指示灯。",
      "url": "http://api.avatardata.cn/Jztk/Img?file=9ca8b3a2621a4093adedc7a6a26c69d6.jpg"
    },
    {
      "id": "6994",
      "question": "行车中下列哪个灯亮，提示驾驶人车辆制动系统出现异常?",
      "answer": "4",
      "item1": "图4",
      "item2": "图2",
      "item3": "图1",
      "item4": "图3",
      "explains": "图1是燃油指示灯；图2是水温指示灯；图3是手刹指示灯；图4是发动机自检灯。车辆制动系统出现异常自然是与手刹有关啦。",
      "url": "http://api.avatardata.cn/Jztk/Img?file=48de8270ee7e48c8bd6355e0bb687517.jpg"
    },
    {
      "id": "6995",
      "question": "行车中，制动报警灯亮，应试踩一下制动，只要有效可正常行车。",
      "answer": "2",
      "item1": "正确",
      "item2": "错误",
      "item3": "",
      "item4": "",
      "explains": "应该立刻停车检查制动，否则可能影响行车安全。",
      "url": ""
    },
    {
      "id": "6996",
      "question": "以下哪个指示灯亮时，表示油箱内燃油已到最低液面？",
      "answer": "4",
      "item1": "图2",
      "item2": "图3",
      "item3": "图1",
      "item4": "图4",
      "explains": "图1表示发动机机油压力过低；图2表示前雾灯显示；图3是ABS指示灯；图4表示燃油指示灯，有个加油站里的加油机的标志。",
      "url": "http://api.avatardata.cn/Jztk/Img?file=d93aba054e0d432cb562117bb2d2050e.jpg"
    },
    {
      "id": "6997",
      "question": "行车中，燃油报警灯亮，应及时到附近加油站加油，以免造成车辆乘员滞留公路，发生交通事故。",
      "answer": "1",
      "item1": "正确",
      "item2": "错误",
      "item3": "",
      "item4": "",
      "explains": "不及时加油，还可能造成汽油泵损坏。",
      "url": ""
    },
    {
      "id": "6998",
      "question": "以下哪个指示灯亮时，表示发动机温度过高？",
      "answer": "3",
      "item1": "图3",
      "item2": "图4",
      "item3": "图2",
      "item4": "图1",
      "explains": "图1表示机油指示灯；图2表示水温指示灯，此灯常亮说明温度过高；图3是ABS指示灯；图4是燃油指示灯。",
      "url": "http://api.avatardata.cn/Jztk/Img?file=60f78d9ea7c74635bc494db7259ed6f2.jpg"
    },
    {
      "id": "6999",
      "question": "行车中水温报警灯亮，下列可能是其原因的是？",
      "answer": "3",
      "item1": "冷却液过多",
      "item2": "指示灯损坏",
      "item3": "缺少冷却液",
      "item4": "缺少润滑油",
      "explains": "冷却液过少才会导致发动机水温过高",
      "url": ""
    },
    {
      "id": "7000",
      "question": "以下哪个指示灯亮时，提醒驾驶人安全带插头未插入锁扣？",
      "answer": "4",
      "item1": "图4",
      "item2": "图3",
      "item3": "图2",
      "item4": "图1",
      "explains": "图1表示安全带插头未插入锁扣；图2是水温指示灯；图3是ABS指示灯；图4是燃油指示灯。",
      "url": "http://api.avatardata.cn/Jztk/Img?file=ad1bb48e11d44f52ab2088f13e47ae83.jpg"
    },
    {
      "id": "7001",
      "question": "车辆因故障等原因需被牵引时，以下说法正确的是什么？",
      "answer": "3",
      "item1": "所有车辆都应让行",
      "item2": "不受交通信号限制",
      "item3": "前后车均应打开报警灯",
      "item4": "两车尽量快速行驶",
      "explains": "打开报警灯是必须的，而且被牵引的机动车除驾驶人外不得载人，不得拖带挂车。",
      "url": "http://api.avatardata.cn/Jztk/Img?file=0b87cec5aab040ae9e94cad532d091ec.jpg"
    },
    {
      "id": "7002",
      "question": "车辆发生意外，要及时打开哪个灯?",
      "answer": "2",
      "item1": "图2",
      "item2": "图4",
      "item3": "图1",
      "item4": "图3",
      "explains": "图1是示宽指示灯；图2是雾灯指示灯；图3是远光指示灯；图4是危险报警闪光灯按钮，发生意外时应该打开危险报警闪光灯。",
      "url": "http://api.avatardata.cn/Jztk/Img?file=0ea880f39f9646e988ceca9a7c35a92c.jpg"
    },
    {
      "id": "8083",
      "question": "驾驶机动车在道路上超车完毕驶回原车道时需提前开启右转向灯。",
      "answer": "1",
      "item1": "正确",
      "item2": "错误",
      "item3": "",
      "item4": "",
      "explains": "《实施条例》第五十七条，机动车应当按照下列规定使用转向灯：<br/>（一）向左转弯、向左变更车道、准备超车、驶离停车地点或者掉头时，应当提前开启左转向灯；<br/>（二）向右转弯、向右变更车道、超车完毕驶回原车道、靠路边停车时，应当提前开启右转向灯。",
      "url": ""
    },
    {
      "id": "8084",
      "question": "下列哪种行为会受到200元以上2000元以下罚款，并处吊销机动车驾驶证？",
      "answer": "2",
      "item1": "违反道路通行规定",
      "item2": "超过规定时速50%",
      "item3": "造成交通事故后逃逸",
      "item4": "驾车没带驾驶证",
      "explains": "《道路交通安全法》规定：<br/>机动车行驶超过规定时速50%的由公安交通管理部门处二百元以上二千元以下罚款。有机动车行驶超过规定时速50%行为的，可以并处吊销机动车驾驶证。",
      "url": ""
    },
    {
      "id": "8085",
      "question": "这个标志是何含义？",
      "answer": "2",
      "item1": "提醒车辆驾驶人前方道路沿水库、湖泊、河流",
      "item2": "提醒车辆驾驶人前方有向上的陡坡路段",
      "item3": "提醒车辆驾驶人前方有两个及以上的连续上坡路段",
      "item4": "提醒车辆驾驶人前方有向下的陡坡路段",
      "explains": "警告标志前方有向上的陡坡路段，行车注意安全。",
      "url": "http://api.avatardata.cn/Jztk/Img?file=ae9508ce1d594fca91757dc3faf5337a.jpg"
    },
    {
      "id": "8086",
      "question": "驾驶人有哪种情形，交通警察可依法扣留机动车驾驶证？",
      "answer": "1",
      "item1": "饮酒后驾驶机动车",
      "item2": "超过规定速度10%",
      "item3": "疲劳后驾驶机动车",
      "item4": "行车中未系安全带",
      "explains": "六种情形下可以扣留驾驶证。新法规定，有下列情形之一的，可以扣留机动车驾驶证：(一)饮酒、醉酒后驾驶机动车的；&nbsp;(二)机动车驾驶人将机动车交由未取得机动车驾驶证或者机动车驾驶证被吊销、暂扣的人驾驶的；&nbsp;(三)机动车行驶超过规定时速百分之五十的；&nbsp;(四)驾驶拼装或者已达到报废标准的机动车的；&nbsp;(五)发生重大交通事故，构成犯罪的；&nbsp;(六)在一个记分周期内累积记分达到12分的。",
      "url": ""
    },
    {
      "id": "8087",
      "question": "年龄在70周岁以上的驾驶人多长时间提交一次身体条件证明？",
      "answer": "3",
      "item1": "每3年",
      "item2": "每2年",
      "item3": "每1年",
      "item4": "每6个月",
      "explains": "根据2016新规《机动车驾驶证申领和使用规定》中第七十二条：<br/>年龄在70周岁以上的机动车驾驶人，应当每年进行一次身体检查，在记分周期结束后三十日内，提交县级或者部队团级以上医疗机构出具的有关身体条件的证明。<br/>",
      "url": ""
    },
    {
      "id": "8088",
      "question": "驾驶人有下列哪种违法行为一次记6分？",
      "answer": "4",
      "item1": "饮酒后驾驶机动车",
      "item2": "使用其他车辆行驶证",
      "item3": "车速超过规定时速50%以上",
      "item4": "违法占用应急车道行驶",
      "explains": "（公安部令123号）机动车驾驶人有下列违法行为之一，一次记6分：<br/>(一)机动车驾驶证被暂扣期间驾驶机动车的；<br/>(二)驾驶机动车违反道路交通信号灯通行的；<br/>(三)驾驶营运客车(不包括公共汽车)、校车载人超过核定人数未达20%的，或者驾驶其他载客汽车载人超过核定人数20%以上的；<br/>(四)驾驶中型以上载客载货汽车、校车、危险物品运输车辆在高速公路、城市快速路上行驶超过规定时速未达20%的；<br/>(五)驾驶中型以上载客载货汽车、校车、危险物品运输车辆在高速公路、城市快速路以外的道路上行驶或者驾驶其他机动车行驶超过规定时速20%以上未达到50%的；<br/>(六)驾驶货车载物超过核定载质量30%以上或者违反规定载客的；<br/>(七)驾驶营运客车以外的机动车在高速公路车道内停车的；<br/>(八)驾驶机动车在高速公路或者城市快速路上违法占用应急车道行驶的；<br/>(九)低能见度气象条件下，驾驶机动车在高速公路上不按规定行驶的；(十)驾驶机动车运载超限的不可解体的物品，未按指定的时间、路线、速度行驶或者未悬挂明显标志的；<br/>(十一)驾驶机动车载运爆炸物品、易燃易爆化学物品以及剧毒、放射性等危险物品，未按指定的时间、路线、速度行驶或者未悬挂警示标志并采取必要的安全措施的；<br/>(十二)以隐瞒、欺骗手段补领机动车驾驶证的；<br/>(十三)连续驾驶中型以上载客汽车、危险物品运输车辆以外的机动车超过4小时未停车休息或者停车休息时间少于20分钟的；<br/>(十四)驾驶机动车不按照规定避让校车的。",
      "url": ""
    },
    {
      "id": "8089",
      "question": "车速超过规定时速50%以上的一次记12分。",
      "answer": "1",
      "item1": "正确",
      "item2": "错误",
      "item3": "",
      "item4": "",
      "explains": "机动车驾驶人有下列违法行为之一，一次记12分：<br/>（一）驾驶与准驾车型不符的机动车的；<br/>（二）饮酒后驾驶机动车的；<br/>（三）驾驶营运客车（不包括公共汽车）、校车载人超过核定人数20％以上的；<br/>（四）造成交通事故后逃逸，尚不构成犯罪的；<br/>（五）上道路行驶的机动车未悬挂机动车号牌的，或者故意遮挡、污损、不按规定安装机动车号牌的；<br/>（六）使用伪造、变造的机动车号牌、行驶证、驾驶证、校车标牌或者使用其他机动车号牌、行驶证的；<br/>（七）驾驶机动车在高速公路上倒车、逆行、穿越中央分隔带掉头的；<br/>（八）驾驶营运客车在高速公路车道内停车的；<br/>（九）驾驶中型以上载客载货汽车、校车、危险物品运输车辆在高速公路、城市快速路上行驶超过规定时速20％以上或者在高速公路、城市快速路以外的道路上行驶超过规定时速50％以上，以及驾驶其他机动车行驶超过规定时速50%以上的；<br/>（十）连续驾驶中型以上载客汽车、危险物品运输车辆超过4小时未停车休息或者停车休息时间少于20分钟的；<br/>（十一）未取得校车驾驶资格驾驶校车的。",
      "url": ""
    },
    {
      "id": "8090",
      "question": "车速超过规定时速达到50%的一次记3分。",
      "answer": "2",
      "item1": "正确",
      "item2": "错误",
      "item3": "",
      "item4": "",
      "explains": "机动车驾驶人有下列违法行为之一，一次记12分：<br/>（一）驾驶与准驾车型不符的机动车的；<br/>（二）饮酒后驾驶机动车的；<br/>（三）驾驶营运客车（不包括公共汽车）、校车载人超过核定人数20％以上的；<br/>（四）造成交通事故后逃逸，尚不构成犯罪的；<br/>（五）上道路行驶的机动车未悬挂机动车号牌的，或者故意遮挡、污损、不按规定安装机动车号牌的；<br/>（六）使用伪造、变造的机动车号牌、行驶证、驾驶证、校车标牌或者使用其他机动车号牌、行驶证的；<br/>（七）驾驶机动车在高速公路上倒车、逆行、穿越中央分隔带掉头的；<br/>（八）驾驶营运客车在高速公路车道内停车的；<br/>（九）驾驶中型以上载客载货汽车、校车、危险物品运输车辆在高速公路、城市快速路上行驶超过规定时速20％以上或者在高速公路、城市快速路以外的道路上行驶超过规定时速50％以上，以及驾驶其他机动车行驶超过规定时速50%以上的；<br/>（十）连续驾驶中型以上载客汽车、危险物品运输车辆超过4小时未停车休息或者停车休息时间少于20分钟的；<br/>（十一）未取得校车驾驶资格驾驶校车的。",
      "url": ""
    },
    {
      "id": "8091",
      "question": "在以下路段不能倒车的是什么？",
      "answer": "4",
      "item1": "急弯",
      "item2": "隧道",
      "item3": "交叉路口",
      "item4": "三者皆是",
      "explains": "《实施条例》第五十条：<br/>机动车倒车时，应当察明车后情况，确认安全后倒车。不得在铁路道口、交叉路口、单行路、桥梁、急弯、陡坡或者隧道中倒车。",
      "url": ""
    },
    {
      "id": "8092",
      "question": "年龄在70周岁以上，在一个记分周期结束后一年内未提交身体条件证明的，其机动车驾驶证将会被车辆管理所注销。",
      "answer": "1",
      "item1": "正确",
      "item2": "错误",
      "item3": "",
      "item4": "",
      "explains": "根据《机动车驾驶证申领和使用规定》第42条第6项：年龄在70周岁以上，在一个记分周期结束后一年内未提交身体条件证明的，车辆管理所应当注销其机动车驾驶证。被注销机动车驾驶证未超过两年的，机动车驾驶人考试科目一合格后，可以恢复驾驶资格。",
      "url": ""
    },
    {
      "id": "8093",
      "question": "在暂住地初次申领机动车驾驶证的，不能直接申领大型货车驾驶证。",
      "answer": "2",
      "item1": "正确",
      "item2": "错误",
      "item3": "",
      "item4": "",
      "explains": "2016年4月1日已经实施的“公安部139号令”已经删除2012年的“公安部123令”中第十三条<br/>第二款关于“不能在暂住地初次申领大型货车驾驶证”的规定，取消了异地考驾照对客货车<br/>驾驶证的限制，客货车驾驶证也可以在暂住地申领了，但是需要有当地的居住证或者暂住<br/>证。",
      "url": ""
    },
    {
      "id": "8094",
      "question": "如图所示，驾驶机动车遇到这种情况时，以下做法正确的是什么？",
      "answer": "1",
      "item1": "应停车察明水情，确认安全后，低速通过",
      "item2": "应停车察明水情，确认安全后，快速通过",
      "item3": "应减速观察水情，然后加速行驶通过",
      "item4": "可随意通行",
      "explains": "图中所示，河水已经漫过路面，驾驶机动车遇到这种情况时，应停车察明水情，确认安全后，低速通过；不可随意通行。",
      "url": "http://api.avatardata.cn/Jztk/Img?file=09b56432cab149b0bc974ac6556d7ada.jpg"
    },
    {
      "id": "8095",
      "question": "年龄在70周岁以上的机动车驾驶人，应当每年进行一次身体检查的目的是什么？",
      "answer": "4",
      "item1": "体现对老年人的关心",
      "item2": "例行程序仅供参考",
      "item3": "检查是否患有老年常见病",
      "item4": "检查是否患有妨碍安全驾驶的疾病",
      "explains": "2016年4月1日开始实行的新修改的《机动车驾驶证申领和使用规定》规定：年龄在70周岁以上的机动车驾驶人，应当每年进行一次身体检查，在记分周期结束后的三十日内，提交县级或者部队团级以上医疗机构出具的有关身体条件的证明，检查是否患有妨碍安全驾驶的疾病。",
      "url": ""
    },
    {
      "id": "8096",
      "question": "如图所示，A车具有优先通行权。",
      "answer": "1",
      "item1": "正确",
      "item2": "错误",
      "item3": "",
      "item4": "",
      "explains": "直行先行，但若让A车等待B车，则时间更长，所以都是直行的情况下，A车先行。",
      "url": "http://api.avatardata.cn/Jztk/Img?file=b4b500f8f8344842baad6afd67af59bc.jpg"
    },
    {
      "id": "8097",
      "question": "如图所示，驾驶机动车遇到这种情况时，以下做法正确的是什么？",
      "answer": "2",
      "item1": "应减速观察水情，然后加速行驶通过",
      "item2": "应停车察明水情，确认安全后，低速通过",
      "item3": "应停车察明水情，确认安全后，快速通过",
      "item4": "可随意通行",
      "explains": "机动车在有积水较深的桥下通过行车时，应当停车察明水情，确认安全后，低速通过。",
      "url": "http://api.avatardata.cn/Jztk/Img?file=4e22f2e67d944aa58944504fe288722a.jpg"
    },
    {
      "id": "8098",
      "question": "年龄在70周岁以上的机动车驾驶人，应当每年进行一次身体检查。",
      "answer": "1",
      "item1": "正确",
      "item2": "错误",
      "item3": "",
      "item4": "",
      "explains": "2016年4月1日开始实行的新修改的《机动车驾驶证申领和使用规定》规定：年龄在70周岁以上的机动车驾驶人，应当每年进行一次身体检查，在记分周期结束后的三十日内，提交县级或者部队团级以上医疗机构出具的有关身体条件的证明。",
      "url": ""
    },
    {
      "id": "8099",
      "question": "在高速公路上长期骑、轧车行道分界线行驶，会同时占用两个车道，导致后方车辆行驶困难，易引发交通事故。",
      "answer": "1",
      "item1": "正确",
      "item2": "错误",
      "item3": "",
      "item4": "",
      "explains": "一辆车占两条道，这是走别人的路，让别人无路可走的节奏啊。",
      "url": ""
    },
    {
      "id": "8100",
      "question": "在道路上驾驶机动车追逐竞驶，情节恶劣的，或者在道路上醉酒驾驶机动车的如何处罚？",
      "answer": "3",
      "item1": "3年以下有期徒刑",
      "item2": "7年以下有期徒刑",
      "item3": "处拘役，并处罚金",
      "item4": "10年以下有期徒刑",
      "explains": "根据《中华人民共和国刑法修正法（八）》规定“在道路上驾驶机动车追逐竞驶，情节恶劣的，或者在道路上醉酒驾驶机动车的，处拘役，并处罚金。”",
      "url": ""
    },
    {
      "id": "8101",
      "question": "以下哪种情形不会被扣留车辆？",
      "answer": "3",
      "item1": "没有按规定悬挂号牌",
      "item2": "没有放置保险标志",
      "item3": "未随车携带灭火器",
      "item4": "未随车携带行驶证",
      "explains": "《道路交通安全法》第九十五条：上道路行驶的机动车未悬挂机动车号牌，未放置检验合格标志、保险标志，或者未随车携带行驶证、驾驶证的，公安机关交通管理部门应当扣留机动车。",
      "url": ""
    },
    {
      "id": "8102",
      "question": "以下哪种情形会被扣留车辆？",
      "answer": "1",
      "item1": "未放置检验合格标志",
      "item2": "车内装饰过多",
      "item3": "驾驶人开车打电话",
      "item4": "未安装防撞装置",
      "explains": "《道路交通安全法》第九十五条：上道路行驶的机动车未悬挂机动车号牌，未放置检验合格标志、保险标志，或者未随车携带行驶证、驾驶证的，公安机关交通管理部门应当扣留机动车。",
      "url": ""
    },
    {
      "id": "8103",
      "question": "机动车之间发生交通事故造成轻微财产损失，当事人对事实及成因无争议时，在确保安全的原则下，对现场拍照或标划事故车辆现场位置后，可自行撤离现场处理损害赔偿事宜，主要目的是什么？",
      "answer": "3",
      "item1": "双方互有损失",
      "item2": "找现场证人就行了，不必报警",
      "item3": "为了及时恢复交通，避免造成交通拥堵",
      "item4": "事故后果很小，无需赔偿",
      "explains": "拍照后让开道路，主要是为了不影响交通通行，也避免二次事故的发生。",
      "url": ""
    },
    {
      "id": "8104",
      "question": "在道路上造成人身伤亡、事故后果非常严重的交通事故，可自行撤离现场。",
      "answer": "2",
      "item1": "正确",
      "item2": "错误",
      "item3": "",
      "item4": "",
      "explains": "轻微事故才能自行撤离，严重的事故必须报警并保护现场，不能自行撤离。《中华人民共和国道路交通安全法》第七十条规定：在道路发生交通事故，车辆驾驶人应当立即停车，保护现场；造成人身伤亡的，车辆驾驶人应当立即抢救受伤人员，并迅速报告执勤的交通警察或者公安机关交通管理部门。",
      "url": ""
    },
    {
      "id": "8105",
      "question": "车辆发生轻微剐蹭事故，双方驾驶人争执不下，坚持在原地等待警察来处理，造成路面堵塞，该行为会受到罚款的处罚。",
      "answer": "1",
      "item1": "正确",
      "item2": "错误",
      "item3": "",
      "item4": "",
      "explains": "《道路交通事故处理程序规定》第十三条：对应当自行撤离现场而未撤离的，交通警察应当责令当事人撤离现场；造成交通堵塞的，对驾驶人处以200元罚款；驾驶人有其他道路交通安全违法行为的，依法一并处罚。",
      "url": ""
    },
    {
      "id": "8106",
      "question": "遇前方路段车道减少行驶缓慢，为了有序、安全，应依次交替通行。",
      "answer": "1",
      "item1": "正确",
      "item2": "错误",
      "item3": "",
      "item4": "",
      "explains": "《中华人民共和国道路交通安全法实施条例》第五十三条：机动车在车道减少的路口、路段，遇有前方机动车停车排队等候或者缓慢行驶的，应当每车道一辆依次交替驶入车道减少后的路口、路段。",
      "url": ""
    },
    {
      "id": "8107",
      "question": "驾驶机动车在没有划分道路中心线的城市道路上行驶速度不得超过50公里/小时。",
      "answer": "2",
      "item1": "正确",
      "item2": "错误",
      "item3": "",
      "item4": "",
      "explains": "没有道路中心线的道路，城市道路为每小时30公里，公路为每小时40公里。",
      "url": ""
    },
    {
      "id": "8108",
      "question": "交通肇事致一人以上重伤，负事故全部或者主要责任，并具有下列哪种行为的，构成交通肇事罪？",
      "answer": "3",
      "item1": "未带驾驶证",
      "item2": "未报警",
      "item3": "明知是安全装置不全或者安全机件失灵的机动车辆而驾驶的",
      "item4": "未抢救受伤人员的",
      "explains": "交通肇事致一人以上重伤，负事故全部或者主要责任，并具有以下列情形之一的，以交通肇<br/>事罪定罪处罚：<br/>（一）酒后、吸食毒品后驾驶机动车辆的；<br/>（二）无驾驶资格驾驶机动车辆的；<br/>（三）明知是安全装置不全或者安全机件失灵的机动车辆而驾驶的；<br/>（四）明知是无牌证或者已报废的机动车辆而驾驶的；<br/>（五）严重超载驾驶的；<br/>（六)为逃避法律追究逃离事故现场的。<br/>由以上条例可知，本题应选择无驾驶资格驾驶机动车辆的行为。",
      "url": ""
    },
    {
      "id": "8109",
      "question": "交通肇事致一人以上重伤，负事故全部或者主要责任，并具有下列哪种行为的，构成交通肇事罪？",
      "answer": "3",
      "item1": "未带驾驶证",
      "item2": "未报警",
      "item3": "明知是无牌证或者已报废的机动车辆而驾驶的",
      "item4": "未抢救受伤人员的",
      "explains": "交通肇事致一人以上重伤，负事故全部或者主要责任，并具有以下列情形之一的，以交通肇<br/>事罪定罪处罚：（一）酒后、吸食毒品后驾驶机动车辆的；（二）无驾驶资格驾驶机动车辆<br/>的；（三）明知是安全装置不全或者安全机件失灵的机动车辆而驾驶的；（四）明知是无牌<br/>证或者已报废的机动车辆而驾驶的；（五）严重超载驾驶的；（六)为逃避法律追究逃离事故<br/>现场的。由以上条例可知，本题应选择无驾驶资格驾驶机动车辆的行为。",
      "url": ""
    },
    {
      "id": "8110",
      "question": "机动车驾驶人在一个记分周期内累计记分达到12分，拒不参加学习和考试的，将被公安机关交通部门公告其驾驶证停止使用。",
      "answer": "1",
      "item1": "正确",
      "item2": "错误",
      "item3": "",
      "item4": "",
      "explains": "《道路交通安全法实施条例》第二十五条：机动车驾驶人记分达到12分，拒不参加公安机关<br/>交通管理部门通知的学习，也不接受考试的，由公安机关交通管理部门告其机动车驾驶证停<br/>止使用。",
      "url": ""
    },
    {
      "id": "8111",
      "question": "如图所示，A车具有优先通行权。",
      "answer": "2",
      "item1": "正确",
      "item2": "错误",
      "item3": "",
      "item4": "",
      "explains": "左转让直行！右转让左转！",
      "url": "http://api.avatardata.cn/Jztk/Img?file=f558ca293c5044698408822f423a8abb.jpg"
    },
    {
      "id": "8112",
      "question": "如图所示，B车具有优先通行权。",
      "answer": "2",
      "item1": "正确",
      "item2": "错误",
      "item3": "",
      "item4": "",
      "explains": "右转让左转，转弯让直行。如图所示，A车直行而B车右转，明显A车先行，B车避让。",
      "url": "http://api.avatardata.cn/Jztk/Img?file=db4c3e8cc1ba425092620a2e57fd5ba4.jpg"
    },
    {
      "id": "8113",
      "question": "这属于哪一种标志？",
      "answer": "2",
      "item1": "警告标志",
      "item2": "禁令标志",
      "item3": "指示标志",
      "item4": "指路标志",
      "explains": "黄色-警示，蓝色-指示指路，黑色-辅助，红色-禁令，红圈表示禁令标志，是对车辆加以禁止或限制的一种标志。",
      "url": "http://api.avatardata.cn/Jztk/Img?file=90fc3994fea64131bf53ca06c016444f.jpg"
    },
    {
      "id": "8114",
      "question": "这个标志是何含义？",
      "answer": "1",
      "item1": "禁止直行和向左转弯",
      "item2": "允许直行和向右变道",
      "item3": "允许直行和向左变道",
      "item4": "禁止直行和向右转弯",
      "explains": "红圈是禁令标志，箭头指示直行左转，合起来就是禁止直行和向左转弯，禁止车辆直行或左转弯。<br/>",
      "url": "http://api.avatardata.cn/Jztk/Img?file=eb8b6033b1fe4270b4ea83db3b9639da.jpg"
    },
    {
      "id": "8115",
      "question": "这属于哪一种标志？",
      "answer": "3",
      "item1": "警告标志",
      "item2": "禁令标志",
      "item3": "指示标志",
      "item4": "指路标志",
      "explains": "指示标志的颜色为蓝底、白图案；形状分为圆形、长方形和正方形。此标志是指示标志，表示该道路只供机动车行驶。",
      "url": "http://api.avatardata.cn/Jztk/Img?file=87646a80f7f0481aa446ce17d158ce5d.jpg"
    },
    {
      "id": "8116",
      "question": "这属于哪一类标志？",
      "answer": "4",
      "item1": "警告标志",
      "item2": "禁令标志",
      "item3": "指示标志",
      "item4": "指路标志",
      "explains": "此标志属于指路标志，是路径指引标志。指示标志都没有文字，有文字的都是指路标志。所以本题是指路标志。",
      "url": "http://api.avatardata.cn/Jztk/Img?file=1e76aa65c33745c3bb2711633c159ec7.jpg"
    },
    {
      "id": "8117",
      "question": "这属于哪一种标志？",
      "answer": "1",
      "item1": "旅游区标志",
      "item2": "作业区标志",
      "item3": "告示标志",
      "item4": "高速公路标志",
      "explains": "云居寺一看就是风景区，此标志是旅游区标志。旅游区标志：设在通往旅游区各连接道路的交叉口处。棕底、白字、白图案、白边框。",
      "url": "http://api.avatardata.cn/Jztk/Img?file=46fbbc62c3ac4aa495a0c6991d4e7282.jpg"
    },
    {
      "id": "8118",
      "question": "这个路面标记是什么标线？",
      "answer": "4",
      "item1": "禁驶区",
      "item2": "网状线",
      "item3": "导流线",
      "item4": "中心圈",
      "explains": "设置在交叉路口中心的白色圆形或菱形区域，车辆左转弯时不得压线，只能紧靠中心圈小转弯。",
      "url": "http://api.avatardata.cn/Jztk/Img?file=72b8091572734c4fbc2d21685ff4f1b3.jpg"
    },
    {
      "id": "8119",
      "question": "这个路面标记是什么标线？",
      "answer": "3",
      "item1": "禁驶区",
      "item2": "网状线",
      "item3": "中心圈",
      "item4": "导流线",
      "explains": "设置在交叉路口中心的白色圆形或菱形区域，车辆左转弯时不得压线，只能紧靠中心圈小转弯。",
      "url": "http://api.avatardata.cn/Jztk/Img?file=2957e450aae04fd18c02030e71ade506.jpg"
    },
    {
      "id": "8120",
      "question": "这属于哪一种标志？",
      "answer": "1",
      "item1": "禁令标志",
      "item2": "指示标志",
      "item3": "指路标志",
      "item4": "警告标志",
      "explains": "",
      "url": "http://api.avatardata.cn/Jztk/Img?file=dd82425af48a4b03846bcab13471afb6.jpg"
    },
    {
      "id": "8121",
      "question": "这属于哪一种标志？",
      "answer": "2",
      "item1": "指路标志",
      "item2": "指示标志",
      "item3": "禁令标志",
      "item4": "警告标志",
      "explains": "指示标志的颜色为蓝底、白图案；形状分为圆形、长方形和正方形。题中从左至右依次为直行标志，会车先行标志，机动车行驶标志。",
      "url": "http://api.avatardata.cn/Jztk/Img?file=044d71eb65254686b06bf541a84f63dd.jpg"
    },
    {
      "id": "8122",
      "question": "这属于哪一类标志？",
      "answer": "1",
      "item1": "指路标志",
      "item2": "指示标志",
      "item3": "禁令标志",
      "item4": "警告标志",
      "explains": "指路标志指示市镇村的境界、目的地的方向和距离、高速公路出入口、著名地点所在等，用以传递道路方向，地点，距离信息。题中从左至右依次为交叉路口预告标志，国道编号，预告地点距离。",
      "url": "http://api.avatardata.cn/Jztk/Img?file=d06b3ea40ee04326b7ce9adcef71c5dc.jpg"
    },
    {
      "id": "8123",
      "question": "这属于哪一种标志？",
      "answer": "4",
      "item1": "作业区标志",
      "item2": "告示标志",
      "item3": "高速公路标志",
      "item4": "旅游区标志",
      "explains": "旅游区标志指示旅游区的距离、方向以及该旅游区的一些旅游项目。题中从左至右依次为旅游区方向标志，旅游区距离标志，索道。",
      "url": "http://api.avatardata.cn/Jztk/Img?file=89c5c56683134eaab6acfeedf35ff372.jpg"
    },
    {
      "id": "8124",
      "question": "这个标志是何含义？",
      "answer": "2",
      "item1": "提醒车辆驾驶人前方道路沿水库、湖泊、河流",
      "item2": "提醒车辆驾驶人前方有向上的陡坡路段",
      "item3": "提醒车辆驾驶人前方有两个及以上的连续上坡路段",
      "item4": "提醒车辆驾驶人前方有向下的陡坡路段",
      "explains": "看图说话题，斜面箭头向上，利用排除法，此标志表示提醒车辆驾驶人前方有向上的陡坡路段。",
      "url": "http://api.avatardata.cn/Jztk/Img?file=4fc63e43dcac48d0a1d4f4a54307ff0b.jpg"
    },
    {
      "id": "8125",
      "question": "当驾驶员看到以下标志时，需减速慢行，是因为什么？",
      "answer": "1",
      "item1": "前方车行道或路面变窄",
      "item2": "前方有弯道",
      "item3": "前方车流量较大",
      "item4": "前方有窄桥",
      "explains": "图中是警告标志，警告车辆驾驶人注意前方车行道或路面变窄。",
      "url": "http://api.avatardata.cn/Jztk/Img?file=c2337443811544d984d3329d2de624f6.jpg"
    },
    {
      "id": "8126",
      "question": "避免爆胎的错误的做法是什么？",
      "answer": "1",
      "item1": "降低轮胎气压",
      "item2": "定期检查轮胎",
      "item3": "及时清理轮胎沟槽里的异物",
      "item4": "更换掉有裂纹或有很深损伤的轮胎",
      "explains": "轮胎缺气行驶是爆胎的祸根。车辆的缺气（轮胎胎压低于标准胎压）行驶时，随着胎压的下降，轮胎与地面的摩擦成倍增加，胎温急剧升高，轮胎变软，强度急剧下降。这种情况下，如果车辆高速行驶，就可能导致爆胎。如果车辆低速行驶，也会伤胎，而且潜伏期长，隐蔽性大，更有危害性，为以后高速行车时埋下爆胎隐患，所以降低轮胎气压是错误的做法。",
      "url": ""
    },
    {
      "id": "8127",
      "question": "以下哪种违法行为的机动车驾驶人将被一次记6分？",
      "answer": "3",
      "item1": "驾驶与准驾车型不符的机动车",
      "item2": "车速超过规定时速50%以上",
      "item3": "驾驶机动车违反道路交通信号灯",
      "item4": "未取得校车驾驶资格驾驶校车",
      "explains": "机动车驾驶人有下列违法行为之一，一次记6分：<br/>（一）机动车驾驶证被暂扣期间驾驶机动车的；<br/>（二）驾驶机动车违反道路交通信号灯通行的；<br/>（三）驾驶营运客车（不包括公共汽车）、校车载人超过核定人数未达20％的，或者驾驶其他载客汽车载人超过核定人数20％以上的；<br/>（四）驾驶中型以上载客载货汽车、校车、危险物品运输车辆在高速公路、城市快速路上行驶超过规定时速未达20％的； <br/>（五）驾驶中型以上载客载货汽车、校车、危险物品运输车辆在高速公路、城市快速路以外的道路上行驶或者驾驶其他机动车行驶超过规定时速20%以上未达到50%的；<br/>（六）驾驶货车载物超过核定载质量30%以上或者违反规定载客的；<br/>（七）驾驶营运客车以外的机动车在高速公路车道内停车的；<br/>（八）驾驶机动车在高速公路或者城市快速路上违法占用应急车道行驶的；<br/>（九）低能见度气象条件下，驾驶机动车在高速公路上不按规定行驶的；<br/>（十）驾驶机动车运载超限的不可解体的物品，未按指定的时间、路线、速度行驶或者未悬挂明显标志的；<br/>（十一）驾驶机动车载运爆炸物品、易燃易爆化学物品以及剧毒、放射性等危险物品，未按指定的时间、路线、速度行驶或者未悬挂警示标志并采取必要的安全措施的；<br/>（十二）以隐瞒、欺骗手段补领机动车驾驶证的；<br/>（十三）连续驾驶中型以上载客汽车、危险物品运输车辆以外的机动车超过4小时未停车休息或者停车休息时间少于20分钟的；",
      "url": ""
    },
    {
      "id": "8128",
      "question": "上下扳动这个开关前风窗玻璃刮水器开始工作。",
      "answer": "1",
      "item1": "正确",
      "item2": "错误",
      "item3": "",
      "item4": "",
      "explains": "正确。风窗玻璃刮水器开关，控制刮水器的操作装置，大多安装在方向盘右下方转向柱上，用右手操纵，将开关手柄向下拉或向上推，可选择不同的刮刷挡位。",
      "url": "http://api.avatardata.cn/Jztk/Img?file=1f063b0e822e4014bdace60b83b0a274.jpg"
    },
    {
      "id": "8129",
      "question": "假如你驾车行驶在颠簸路段时，以下做法正确的是什么？",
      "answer": "2",
      "item1": "稳住加速踏板",
      "item2": "挂低挡档位缓抬加速踏板",
      "item3": "挂高挡位缓抬加速踏板",
      "item4": "挂低挡位踏满加速踏板",
      "explains": "缓抬加速踏板是为了低速平稳通过颠簸路段，让车辆怠速前进；挂低挡是为了获得更多的发动机牵引力。",
      "url": ""
    }
]